Name,SurfaceMaterial,CloudDriftDegPerDay,AtmosphereHeightKm,RayleighPerMm,RayleighScaleHeightKm,MiePerMm,MieScaleHeightKm,MieAnisotropy,MieTint,RingMaterial,Notes
Sun,/Game/Rendering/Materials/Bodies/MI_Sun.MI_Sun,0,0,"(X=0,Y=0,Z=0)",8,0,1.2,0.76,"(R=1,G=1,B=1,A=1)",None,"Photosphere luminance computed from luminosity and radius."
Mercury,/Game/Rendering/Materials/Bodies/MI_Mercury.MI_Mercury,0,0,"(X=0,Y=0,Z=0)",8,0,1.2,0.76,"(R=1,G=1,B=1,A=1)",None,"Airless: Lommel-Seeliger regolith shading."
Venus,/Game/Rendering/Materials/Bodies/MI_Venus.MI_Venus,0,150,"(X=2,Y=5,Z=11)",15,30,15,0.7,"(R=1,G=0.85,B=0.6,A=1)",None,"Surface shows the cloud deck (atmosphere map); haze above it."
Earth,/Game/Rendering/Materials/Bodies/MI_Earth.MI_Earth,2,100,"(X=5.802,Y=13.558,Z=33.1)",8,4,1.2,0.8,"(R=1,G=1,B=1,A=1)",None,"Rayleigh/Mie from Bruneton 2017 (precomputed atmospheric scattering)."
Moon,/Game/Rendering/Materials/Bodies/MI_Moon.MI_Moon,0,0,"(X=0,Y=0,Z=0)",8,0,1.2,0.76,"(R=1,G=1,B=1,A=1)",None,"Airless."
Mars,/Game/Rendering/Materials/Bodies/MI_Mars.MI_Mars,0,80,"(X=0.5,Y=1.2,Z=2.9)",11,20,11,0.65,"(R=1,G=0.6,B=0.35,A=1)",None,"Thin CO2 with suspended dust: butterscotch daytime haze."
Jupiter,/Game/Rendering/Materials/Bodies/MI_Jupiter.MI_Jupiter,0,1000,"(X=0.6,Y=1.2,Z=2.4)",27,2,27,0.7,"(R=1,G=0.95,B=0.85,A=1)",None,"Surface is the cloud tops; thin limb haze."
Saturn,/Game/Rendering/Materials/Bodies/MI_Saturn.MI_Saturn,0,1000,"(X=0.5,Y=1,Z=2)",60,2,60,0.7,"(R=1,G=0.93,B=0.8,A=1)",/Game/Rendering/Materials/Bodies/MI_SaturnRings.MI_SaturnRings,"Surface is the cloud tops; rings from 8k_saturn_ring_alpha."
Uranus,/Game/Rendering/Materials/Bodies/MI_Uranus.MI_Uranus,0,1000,"(X=3,Y=7,Z=16)",28,1,28,0.7,"(R=0.8,G=1,B=1,A=1)",/Game/Rendering/Materials/Bodies/MI_UranusRings.MI_UranusRings,"Methane-blue haze; faint dark rings."
Neptune,/Game/Rendering/Materials/Bodies/MI_Neptune.MI_Neptune,0,1000,"(X=3,Y=7,Z=18)",20,1,20,0.7,"(R=0.8,G=0.9,B=1,A=1)",None,"Methane-blue haze."
Phobos,/Game/Rendering/Materials/Bodies/MI_Phobos.MI_Phobos,0,0,"(X=0,Y=0,Z=0)",8,0,1.2,0.76,"(R=1,G=1,B=1,A=1)",None,"Procedural (no map in the texture set). Geometric albedo ~0.07."
Deimos,/Game/Rendering/Materials/Bodies/MI_Deimos.MI_Deimos,0,0,"(X=0,Y=0,Z=0)",8,0,1.2,0.76,"(R=1,G=1,B=1,A=1)",None,"Procedural. Albedo ~0.07."
Io,/Game/Rendering/Materials/Bodies/MI_Io.MI_Io,0,0,"(X=0,Y=0,Z=0)",8,0,1.2,0.76,"(R=1,G=1,B=1,A=1)",None,"Procedural sulfur yellow. Albedo ~0.63."
Europa,/Game/Rendering/Materials/Bodies/MI_Europa.MI_Europa,0,0,"(X=0,Y=0,Z=0)",8,0,1.2,0.76,"(R=1,G=1,B=1,A=1)",None,"Procedural water ice. Albedo ~0.67."
Ganymede,/Game/Rendering/Materials/Bodies/MI_Ganymede.MI_Ganymede,0,0,"(X=0,Y=0,Z=0)",8,0,1.2,0.76,"(R=1,G=1,B=1,A=1)",None,"Procedural. Albedo ~0.43."
Callisto,/Game/Rendering/Materials/Bodies/MI_Callisto.MI_Callisto,0,0,"(X=0,Y=0,Z=0)",8,0,1.2,0.76,"(R=1,G=1,B=1,A=1)",None,"Procedural. Albedo ~0.22."
Titan,/Game/Rendering/Materials/Bodies/MI_Titan.MI_Titan,0,600,"(X=1,Y=2,Z=5)",40,60,40,0.7,"(R=1,G=0.55,B=0.2,A=1)",None,"Procedural; thick orange photochemical haze."
Ceres,/Game/Rendering/Materials/Bodies/MI_Ceres.MI_Ceres,0,0,"(X=0,Y=0,Z=0)",8,0,1.2,0.76,"(R=1,G=1,B=1,A=1)",None,Procedural albedo (published colour); no map sourced.
Pluto,/Game/Rendering/Materials/Bodies/MI_Pluto.MI_Pluto,0,0,"(X=0,Y=0,Z=0)",8,0,1.2,0.76,"(R=1,G=1,B=1,A=1)",None,Procedural albedo (published colour); no map sourced.
Eris,/Game/Rendering/Materials/Bodies/MI_Eris.MI_Eris,0,0,"(X=0,Y=0,Z=0)",8,0,1.2,0.76,"(R=1,G=1,B=1,A=1)",None,Procedural albedo (published colour); no map sourced.
Haumea,/Game/Rendering/Materials/Bodies/MI_Haumea.MI_Haumea,0,0,"(X=0,Y=0,Z=0)",8,0,1.2,0.76,"(R=1,G=1,B=1,A=1)",None,Procedural albedo (published colour); no map sourced.
Makemake,/Game/Rendering/Materials/Bodies/MI_Makemake.MI_Makemake,0,0,"(X=0,Y=0,Z=0)",8,0,1.2,0.76,"(R=1,G=1,B=1,A=1)",None,Procedural albedo (published colour); no map sourced.
Charon,/Game/Rendering/Materials/Bodies/MI_Charon.MI_Charon,0,0,"(X=0,Y=0,Z=0)",8,0,1.2,0.76,"(R=1,G=1,B=1,A=1)",None,Procedural albedo (published colour); no map sourced.
Mimas,/Game/Rendering/Materials/Bodies/MI_Mimas.MI_Mimas,0,0,"(X=0,Y=0,Z=0)",8,0,1.2,0.76,"(R=1,G=1,B=1,A=1)",None,Procedural albedo (published colour); no map sourced.
Enceladus,/Game/Rendering/Materials/Bodies/MI_Enceladus.MI_Enceladus,0,0,"(X=0,Y=0,Z=0)",8,0,1.2,0.76,"(R=1,G=1,B=1,A=1)",None,Procedural albedo (published colour); no map sourced.
Tethys,/Game/Rendering/Materials/Bodies/MI_Tethys.MI_Tethys,0,0,"(X=0,Y=0,Z=0)",8,0,1.2,0.76,"(R=1,G=1,B=1,A=1)",None,Procedural albedo (published colour); no map sourced.
Dione,/Game/Rendering/Materials/Bodies/MI_Dione.MI_Dione,0,0,"(X=0,Y=0,Z=0)",8,0,1.2,0.76,"(R=1,G=1,B=1,A=1)",None,Procedural albedo (published colour); no map sourced.
Rhea,/Game/Rendering/Materials/Bodies/MI_Rhea.MI_Rhea,0,0,"(X=0,Y=0,Z=0)",8,0,1.2,0.76,"(R=1,G=1,B=1,A=1)",None,Procedural albedo (published colour); no map sourced.
Iapetus,/Game/Rendering/Materials/Bodies/MI_Iapetus.MI_Iapetus,0,0,"(X=0,Y=0,Z=0)",8,0,1.2,0.76,"(R=1,G=1,B=1,A=1)",None,Procedural albedo (published colour); no map sourced.
Miranda,/Game/Rendering/Materials/Bodies/MI_Miranda.MI_Miranda,0,0,"(X=0,Y=0,Z=0)",8,0,1.2,0.76,"(R=1,G=1,B=1,A=1)",None,Procedural albedo (published colour); no map sourced.
Ariel,/Game/Rendering/Materials/Bodies/MI_Ariel.MI_Ariel,0,0,"(X=0,Y=0,Z=0)",8,0,1.2,0.76,"(R=1,G=1,B=1,A=1)",None,Procedural albedo (published colour); no map sourced.
Umbriel,/Game/Rendering/Materials/Bodies/MI_Umbriel.MI_Umbriel,0,0,"(X=0,Y=0,Z=0)",8,0,1.2,0.76,"(R=1,G=1,B=1,A=1)",None,Procedural albedo (published colour); no map sourced.
Titania,/Game/Rendering/Materials/Bodies/MI_Titania.MI_Titania,0,0,"(X=0,Y=0,Z=0)",8,0,1.2,0.76,"(R=1,G=1,B=1,A=1)",None,Procedural albedo (published colour); no map sourced.
Oberon,/Game/Rendering/Materials/Bodies/MI_Oberon.MI_Oberon,0,0,"(X=0,Y=0,Z=0)",8,0,1.2,0.76,"(R=1,G=1,B=1,A=1)",None,Procedural albedo (published colour); no map sourced.
Triton,/Game/Rendering/Materials/Bodies/MI_Triton.MI_Triton,0,0,"(X=0,Y=0,Z=0)",8,0,1.2,0.76,"(R=1,G=1,B=1,A=1)",None,Procedural albedo (published colour); no map sourced.
