---,Vehicle,Mesh,Group,SeparateAtS,SeparationPushMS
HLVM3_S200_L,HLVM3,/Game/Vehicles/HLVM3/S200_L/SM_S200_L.SM_S200_L,Booster,137.0,"(X=0.000000,Y=5.000000,Z=0.000000)"
HLVM3_S200_R,HLVM3,/Game/Vehicles/HLVM3/S200_R/SM_S200_R.SM_S200_R,Booster,137.0,"(X=0.000000,Y=-5.000000,Z=0.000000)"
HLVM3_L110,HLVM3,/Game/Vehicles/HLVM3/L110/SM_L110.SM_L110,Stage1,310.0,"(X=0.000000,Y=0.000000,Z=0.000000)"
HLVM3_CrewEscape,HLVM3,/Game/Vehicles/HLVM3/CrewEscape/SM_CrewEscape.SM_CrewEscape,Escape,200.0,"(X=0.000000,Y=0.000000,Z=0.000000)"
HLVM3_C25_CrewModule,HLVM3,/Game/Vehicles/HLVM3/C25_CrewModule/SM_C25_CrewModule.SM_C25_CrewModule,Craft,-1.0,"(X=0.000000,Y=0.000000,Z=0.000000)"
SaturnV_SIC,SaturnV,/Game/Vehicles/SaturnV/SIC/SM_SIC.SM_SIC,Stage1,162.3,"(X=0.000000,Y=0.000000,Z=0.000000)"
SaturnV_SII,SaturnV,/Game/Vehicles/SaturnV/SII/SM_SII.SM_SII,Stage2,549.2,"(X=0.000000,Y=0.000000,Z=0.000000)"
SaturnV_LES,SaturnV,/Game/Vehicles/SaturnV/LES/SM_LES.SM_LES,Escape,197.9,"(X=0.000000,Y=0.000000,Z=0.000000)"
SaturnV_SIVB_Apollo,SaturnV,/Game/Vehicles/SaturnV/SIVB_Apollo/SM_SIVB_Apollo.SM_SIVB_Apollo,Craft,-1.0,"(X=0.000000,Y=0.000000,Z=0.000000)"
Shuttle_SRB_L,Shuttle,/Game/Vehicles/Shuttle/SRB_L/SM_SRB_L.SM_SRB_L,Booster,124.0,"(X=0.000000,Y=5.000000,Z=0.000000)"
Shuttle_SRB_R,Shuttle,/Game/Vehicles/Shuttle/SRB_R/SM_SRB_R.SM_SRB_R,Booster,124.0,"(X=0.000000,Y=-5.000000,Z=0.000000)"
Shuttle_ExternalTank,Shuttle,/Game/Vehicles/Shuttle/ExternalTank/SM_ExternalTank.SM_ExternalTank,Tank,528.0,"(X=-1.200000,Y=0.000000,Z=0.000000)"
Shuttle_Orbiter,Shuttle,/Game/Vehicles/Shuttle/Orbiter/SM_Orbiter.SM_Orbiter,Craft,-1.0,"(X=0.000000,Y=0.000000,Z=0.000000)"
SLS_SRB_L,SLS,/Game/Vehicles/SLS/SRB_L/SM_SRB_L.SM_SRB_L,Booster,132.0,"(X=5.000000,Y=0.000000,Z=0.000000)"
SLS_SRB_R,SLS,/Game/Vehicles/SLS/SRB_R/SM_SRB_R.SM_SRB_R,Booster,132.0,"(X=-5.000000,Y=0.000000,Z=0.000000)"
SLS_CoreStage,SLS,/Game/Vehicles/SLS/CoreStage/SM_CoreStage.SM_CoreStage,Stage1,498.0,"(X=0.000000,Y=0.000000,Z=0.000000)"
SLS_LAS,SLS,/Game/Vehicles/SLS/LAS/SM_LAS.SM_LAS,Escape,195.0,"(X=0.000000,Y=0.000000,Z=0.000000)"
SLS_ICPS_Orion,SLS,/Game/Vehicles/SLS/ICPS_Orion/SM_ICPS_Orion.SM_ICPS_Orion,Craft,-1.0,"(X=0.000000,Y=0.000000,Z=0.000000)"
