---,Vehicle,Group,ExitM,ExitRadiusM,Kind,BurnStartS,BurnEndS
HLVM3_S200_L,HLVM3,Booster,"(X=0.000000,Y=3.750000,Z=0.000000)",1.55,Solid,0.0,130.0
HLVM3_S200_R,HLVM3,Booster,"(X=0.000000,Y=-3.750000,Z=0.000000)",1.55,Solid,0.0,130.0
HLVM3_Vikas1,HLVM3,Stage1,"(X=0.950000,Y=0.000000,Z=3.200000)",0.52,Hypergolic,110.0,305.0
HLVM3_Vikas2,HLVM3,Stage1,"(X=-0.950000,Y=0.000000,Z=3.200000)",0.52,Hypergolic,110.0,305.0
HLVM3_CE20,HLVM3,Craft,"(X=0.000000,Y=0.000000,Z=24.300000)",0.8,Hydrolox,312.0,960.0
SaturnV_F1_Centre,SaturnV,Stage1,"(X=-0.010000,Y=-0.010000,Z=0.000000)",1.85,Kerolox,0.0,135.2
SaturnV_F1_1,SaturnV,Stage1,"(X=-3.950000,Y=2.850000,Z=0.000000)",1.85,Kerolox,0.0,161.6
SaturnV_F1_2,SaturnV,Stage1,"(X=2.810000,Y=3.880000,Z=0.000000)",1.85,Kerolox,0.0,161.6
SaturnV_F1_3,SaturnV,Stage1,"(X=3.890000,Y=-2.840000,Z=0.000000)",1.85,Kerolox,0.0,161.6
SaturnV_F1_4,SaturnV,Stage1,"(X=-2.840000,Y=-3.880000,Z=0.000000)",1.85,Kerolox,0.0,161.6
SaturnV_J2_Centre,SaturnV,Stage2,"(X=0.000000,Y=0.000000,Z=42.400000)",1.0,Hydrolox,164.0,548.2
SaturnV_J2_1,SaturnV,Stage2,"(X=-2.430000,Y=1.750000,Z=42.400000)",1.0,Hydrolox,164.0,548.2
SaturnV_J2_2,SaturnV,Stage2,"(X=1.730000,Y=2.390000,Z=42.400000)",1.0,Hydrolox,164.0,548.2
SaturnV_J2_3,SaturnV,Stage2,"(X=2.400000,Y=-1.750000,Z=42.400000)",1.0,Hydrolox,164.0,548.2
SaturnV_J2_4,SaturnV,Stage2,"(X=-1.750000,Y=-2.390000,Z=42.400000)",1.0,Hydrolox,164.0,548.2
SaturnV_J2_SIVB,SaturnV,Craft,"(X=0.000000,Y=0.000000,Z=72.000000)",1.0,Hydrolox,552.2,699.3
Shuttle_SRB_L,Shuttle,Booster,"(X=0.000000,Y=6.360000,Z=0.000000)",1.9,Solid,0.0,124.0
Shuttle_SRB_R,Shuttle,Booster,"(X=0.000000,Y=-6.360000,Z=0.000000)",1.9,Solid,0.0,124.0
Shuttle_SSME1,Shuttle,Craft,"(X=9.200000,Y=0.000000,Z=8.900000)",1.15,Hydrolox,0.0,510.0
Shuttle_SSME2,Shuttle,Craft,"(X=6.650000,Y=1.350000,Z=8.900000)",1.15,Hydrolox,0.0,510.0
Shuttle_SSME3,Shuttle,Craft,"(X=6.650000,Y=-1.350000,Z=8.900000)",1.15,Hydrolox,0.0,510.0
SLS_SRB_L,SLS,Booster,"(X=6.200000,Y=0.000000,Z=1.300000)",1.9,Solid,0.0,128.0
SLS_SRB_R,SLS,Booster,"(X=-6.200000,Y=0.000000,Z=1.300000)",1.9,Solid,0.0,128.0
SLS_RS25_1,SLS,Stage1,"(X=2.000000,Y=-1.900000,Z=0.000000)",1.15,Hydrolox,0.0,486.0
SLS_RS25_2,SLS,Stage1,"(X=2.000000,Y=2.200000,Z=0.000000)",1.15,Hydrolox,0.0,486.0
SLS_RS25_3,SLS,Stage1,"(X=-2.100000,Y=2.200000,Z=0.000000)",1.15,Hydrolox,0.0,486.0
SLS_RS25_4,SLS,Stage1,"(X=-2.100000,Y=-1.900000,Z=0.000000)",1.15,Hydrolox,0.0,486.0
