---,Vehicle,TimeS,Text
HLVM3_00,HLVM3,0.0,"Liftoff! Both S200 solid boosters burning"
HLVM3_01,HLVM3,65.0,"Max-Q: maximum aerodynamic pressure"
HLVM3_02,HLVM3,110.0,"L110 core stage: twin Vikas engines ignite in flight"
HLVM3_03,HLVM3,137.0,"S200 booster separation"
HLVM3_04,HLVM3,200.0,"Crew escape system and crew module fairing jettisoned"
HLVM3_05,HLVM3,310.0,"L110 separation - C25 stage, CE-20 cryogenic engine ignition"
HLVM3_06,HLVM3,960.0,"CE-20 cutoff - Gaganyaan in orbit"
SaturnV_00,SaturnV,0.0,"Liftoff! Five F-1 engines, 34 MN of thrust"
SaturnV_01,SaturnV,83.0,"Max-Q: maximum aerodynamic pressure"
SaturnV_02,SaturnV,135.2,"S-IC centre engine cutoff"
SaturnV_03,SaturnV,161.6,"S-IC outboard engine cutoff"
SaturnV_04,SaturnV,162.3,"S-IC / S-II separation"
SaturnV_05,SaturnV,164.0,"S-II ignition - five J-2 engines"
SaturnV_06,SaturnV,197.9,"Launch escape tower jettisoned"
SaturnV_07,SaturnV,548.2,"S-II cutoff and separation"
SaturnV_08,SaturnV,552.2,"S-IVB ignition - single J-2"
SaturnV_09,SaturnV,699.3,"S-IVB cutoff - Earth parking orbit"
Shuttle_00,Shuttle,0.0,"Liftoff! Three RS-25 main engines and two solid rocket boosters"
Shuttle_01,Shuttle,60.0,"Max-Q: maximum aerodynamic pressure"
Shuttle_02,Shuttle,124.0,"Solid rocket booster separation"
Shuttle_03,Shuttle,510.0,"Main engine cutoff (MECO)"
Shuttle_04,Shuttle,528.0,"External tank separation"
SLS_00,SLS,0.0,"Liftoff! Four RS-25 engines and two five-segment boosters"
SLS_01,SLS,72.0,"Max-Q: maximum aerodynamic pressure"
SLS_02,SLS,132.0,"Solid rocket booster separation"
SLS_03,SLS,195.0,"Launch abort system jettisoned"
SLS_04,SLS,486.0,"Core stage main engine cutoff"
SLS_05,SLS,498.0,"Core stage separation - Orion and the ICPS in orbit"
