Name,Summary,MeanSurfaceTemperatureK,AtmosphereText,NamedAfter,Discovery,FunFact
Sun,"A G2V main-sequence star, 4.6 billion years old, holding 99.86% of the solar system's mass.",5772,"Photosphere; corona at over a million kelvin","Old English 'sunne'","Known since antiquity","Light leaving the Sun's surface now took roughly 170,000 years to escape its core."
Mercury,"The smallest planet and closest to the Sun, with almost no atmosphere and extreme temperature swings.",440,"Trace exosphere (Na, K, O)","Roman messenger god","Known since antiquity","A Mercury day (sunrise to sunrise) lasts 176 Earth days, longer than its 88-day year."
Venus,"Earth's near twin in size, smothered by a crushing CO2 atmosphere and sulfuric acid clouds.",737,"96.5% CO2, 3.5% N2; 92 bar at the surface","Roman goddess of love","Known since antiquity","Venus spins backwards: the Sun rises in the west there."
Earth,"The only world known to host life, with liquid-water oceans covering 71% of its surface.",288,"78% N2, 21% O2, 1% Ar; 1 bar","Old English 'eorthe'","Home","Earth is the densest planet in the solar system."
Moon,"Earth's only natural satellite, tidally locked so the same face always points at us.",250,"None (tenuous exosphere)","Old English 'mona'","Known since antiquity","The Moon drifts about 3.8 cm farther from Earth every year."
Mars,"A cold desert world with the largest volcano and deepest canyon system in the solar system.",210,"95% CO2, 2.8% N2, 2% Ar; 0.006 bar","Roman god of war","Known since antiquity","Olympus Mons rises about 22 km, nearly three times the height of Everest."
Jupiter,"The largest planet, a gas giant more than twice as massive as all the others combined.",165,"90% H2, 10% He (by molecules)","King of the Roman gods","Known since antiquity","The Great Red Spot is a storm larger than Earth that has raged for centuries."
Saturn,"A gas giant famous for its bright ring system of ice and rock.",134,"96% H2, 3% He","Roman god of agriculture","Known since antiquity","Saturn's mean density is less than water's."
Uranus,"An ice giant tipped on its side, circling the Sun with its poles in turn facing it.",76,"83% H2, 15% He, 2% CH4","Greek god of the sky","William Herschel, 1781","Each pole gets about 42 years of continuous sunlight, then 42 years of darkness."
Neptune,"The outermost planet, a deep-blue ice giant with the fastest winds measured in the solar system.",72,"80% H2, 19% He, 1.5% CH4","Roman god of the sea","Le Verrier, Adams, Galle, 1846","Neptune was found by mathematics before anyone saw it through a telescope."
Phobos,"The larger of Mars's two small moons, slowly spiralling inward.",233,"None","Greek god of fear","Asaph Hall, 1877","Phobos will be torn apart by Mars's tides in roughly 30-50 million years."
Deimos,"Mars's smaller, outer moon: a lumpy body just 12 km across.",233,"None","Greek god of dread","Asaph Hall, 1877","From Mars, Deimos looks like a bright star rather than a moon."
Io,"The most volcanically active body known, heated by Jupiter's tides.",110,"Thin SO2","Io, a priestess of Hera","Galileo Galilei, 1610","Io's volcanoes throw plumes up to 400 km high."
Europa,"An ice-covered moon hiding a global ocean of liquid water beneath its crust.",102,"Tenuous O2","Europa, a Phoenician princess","Galileo Galilei, 1610","Europa's ocean may hold more water than all of Earth's oceans combined."
Ganymede,"The largest moon in the solar system, bigger than the planet Mercury.",110,"Tenuous O2","Ganymede, cupbearer of the gods","Galileo Galilei, 1610","Ganymede is the only moon known to have its own magnetic field."
Callisto,"An ancient, heavily cratered moon whose surface has barely changed in four billion years.",134,"Tenuous CO2","Callisto, a nymph","Galileo Galilei, 1610","Callisto is the most heavily cratered object in the solar system."
Titan,"Saturn's largest moon, the only moon with a thick atmosphere and lakes on its surface.",94,"95% N2, 5% CH4; 1.5 bar","Titans of Greek myth","Christiaan Huygens, 1655","Titan's lakes are liquid methane and ethane, not water."
