Name,DisplayName,BodyType,ParentID,GMKm3PerS2,EquatorialRadiusKm,PolarRadiusKm,LuminosityWatts,ElementFrame,SemiMajorAxisAU,SemiMajorAxisKm,Eccentricity,InclinationDeg,LongAscendingNodeDeg,LongPeriapsisDeg,MeanLongitudeDeg,EpochJD,PoleRADeg,PoleDecDeg,PoleRARateDegPerCentury,PoleDecRateDegPerCentury,PrimeMeridianDeg,RotationRateDegPerDay,RingInnerRadiusKm,RingOuterRadiusKm,Notes
Sun,Sun,Star,None,132712440018,695700,695700,3.828e26,Ecliptic,0,0,0,0,0,0,0,2451545.0,286.13,63.87,0,0,84.176,14.1844,0,0,GM: JPL DE440. Radius/luminosity: IAU 2015 nominal. Rotation: IAU WGCCRE 2015.
Mercury,Mercury,Planet,Sun,22031.86855,2440.53,2438.26,0,Ecliptic,0.38709927,0,0.20563593,7.00497902,48.33076593,77.45779628,252.25032350,2451545.0,281.0103,61.4155,0,0,329.5988,6.1385108,0,0,Elements: JPL Standish J2000 mean elements (1800-2050 fit).
Venus,Venus,Planet,Sun,324858.592,6051.8,6051.8,0,Ecliptic,0.72333566,0,0.00677672,3.39467605,76.67984255,131.60246718,181.97909950,2451545.0,272.76,67.16,0,0,160.20,-1.4813688,0,0,Elements: JPL Standish J2000. Retrograde rotation.
Earth,Earth,Planet,Sun,398600.435436,6378.137,6356.752,0,Ecliptic,1.00000261,0,0.01671123,-0.00001531,0.0,102.93768193,100.46457166,2451545.0,0.0,90.0,-0.641,-0.557,190.147,360.9856235,0,0,Elements are for the Earth-Moon barycenter (engine treats planet elements as planet-system barycenter).
Mars,Mars,Planet,Sun,42828.375214,3396.19,3376.20,0,Ecliptic,1.52371034,0,0.09339410,1.84969142,49.55953891,-23.94362959,-4.55343205,2451545.0,317.68143,52.88650,0,0,176.630,350.89198226,0,0,Elements: JPL Standish J2000. Pole: IAU 2009.
Jupiter,Jupiter,Planet,Sun,126686531.9,71492,66854,0,Ecliptic,5.20288700,0,0.04838624,1.30439695,100.47390909,14.72847983,34.39644051,2451545.0,268.056595,64.495303,0,0,284.95,870.5360000,0,0,Elements: JPL Standish J2000. Rotation: System III.
Saturn,Saturn,Planet,Sun,37931187.9,60268,54364,0,Ecliptic,9.53667594,0,0.05386179,2.48599187,113.66242448,92.59887831,49.95424423,2451545.0,40.589,83.537,0,0,38.90,810.7939024,74658,136775,Elements: JPL Standish J2000. Rings: C-ring inner edge to A-ring outer edge.
Uranus,Uranus,Planet,Sun,5793939.3,25559,24973,0,Ecliptic,19.18916464,0,0.04725744,0.77263783,74.01692503,170.95427630,313.23810451,2451545.0,257.311,-15.175,0,0,203.81,-501.1600928,41837,51149,Elements: JPL Standish J2000. Retrograde rotation. Rings: 6 ring to epsilon ring.
Neptune,Neptune,Planet,Sun,6835099.5,24764,24341,0,Ecliptic,30.06992276,0,0.00859048,1.77004347,131.78422574,44.96476227,-55.12002969,2451545.0,299.36,43.46,0,0,249.978,541.1397757,0,0,Elements: JPL Standish J2000. GM excludes Triton (not yet in scope).
Ceres,Ceres,Planet,Sun,62.6284,482.1,445.9,0,Ecliptic,2.76649602,0,0.0783756,10.58336,80.49436,154.41722,160.59387,2451545.0,291.418,66.764,0,0,170.65,952.1532,0,0,"Elements: JPL Horizons osculating at J2000 (ecliptic). Dwarf planet, largest body in the asteroid belt. Rotation IAU 2015."
Pluto,Pluto,Planet,Sun,869.3,1188.3,1188.3,0,Ecliptic,39.26433742,0,0.2446745,17.15136,110.28693,224.04983,239.07310,2451545.0,132.993,-6.163,0,0,302.695,-56.3625225,0,0,"Elements: JPL Horizons osculating at J2000 (ecliptic). Dwarf planet. Elements are the Pluto-system barycenter (JPL Horizons, J2000). Rotation IAU 2015."
Eris,Eris,Planet,Sun,1108.0,1163.0,1163.0,0,Ecliptic,68.13986865,0,0.4325051,43.74051,36.12852,186.97333,21.26367,2451545.0,270.0,66.56,0,0,0.0,22.806,0,0,Elements: JPL Horizons osculating at J2000 (ecliptic). Dwarf planet. Pole unknown: ecliptic pole used. Rotation ~15.8 d (locked to Dysnomia).
Haumea,Haumea,Planet,Sun,267.4,1000.0,520.0,0,Ecliptic,42.90925766,0,0.1999209,28.20614,121.93324,2.52402,192.11929,2451545.0,270.0,66.56,0,0,0.0,2206.8,0,0,"Elements: JPL Horizons osculating at J2000 (ecliptic). Dwarf planet, triaxial ~2100x1680x1070 km modelled as a spheroid. Pole approximate."
Makemake,Makemake,Planet,Sun,206.9,715.0,715.0,0,Ecliptic,45.37205778,0,0.1645233,29.00019,79.27491,15.55591,155.27607,2451545.0,270.0,66.56,0,0,0.0,378.45,0,0,Elements: JPL Horizons osculating at J2000 (ecliptic). Dwarf planet. Pole unknown: ecliptic pole used. Rotation 22.8 h.
