Name,bGeodeticLatitude,bHasSolidSurface,ReliefAmplitudeM,BaseWavelengthKm,Roughness,MicroReliefM,CraterDensity,CraterMaxRadiusKm,OceanMaskFile,HeightmapFile,HeightmapMinM,HeightmapMaxM,FallbackReliefAmplitudeM,FallbackBaseWavelengthKm,FallbackCraterMaxRadiusKm,Notes
Sun,False,False,0,500,0.5,0,0,0,,,0,0,0,0,0,"No surface."
Mercury,False,True,2000,600,0.5,1.0,1.5,60,,,0,0,0,0,0,"Procedural: heavily cratered. Replace with MESSENGER DEM when sourced."
Venus,False,True,1500,1000,0.45,0.8,0.1,20,,,0,0,0,0,0,"Procedural; surface under the cloud deck."
Earth,True,True,150,8,0.5,0.6,0,0,Bodies/Terrain/Earth_OceanMask.tif,Bodies/Terrain/DEM/Earth_ETOPO2022_2min.bin,0,0,2500,800,0,"Real elevation: NOAA ETOPO 2022 (2 arc-min, ~3.7 km) + procedural detail below that, scaled by local ruggedness. Oceans from the Solar System Scope specular map."
Moon,False,True,60,2,0.5,1.0,2.0,1,,Bodies/Terrain/DEM/Moon_LOLA_LDEM64.img,0,0,1500,400,80,"Real elevation: LRO LOLA LDEM_64 (~474 m/px) + procedural craters (<1 km) and relief below that."
Mars,False,True,120,4,0.5,0.8,0.8,2,,Bodies/Terrain/DEM/Mars_MOLA_MEGDR32.img,0,0,3000,1000,60,"Real elevation: MGS MOLA MEGDR 32 px/deg (~1.85 km) + procedural detail below that."
Jupiter,False,False,0,500,0.5,0,0,0,,,0,0,0,0,0,"Gas giant: no solid surface."
Saturn,False,False,0,500,0.5,0,0,0,,,0,0,0,0,0,"Gas giant: no solid surface."
Uranus,False,False,0,500,0.5,0,0,0,,,0,0,0,0,0,"Ice giant: no solid surface."
Neptune,False,False,0,500,0.5,0,0,0,,,0,0,0,0,0,"Ice giant: no solid surface."
Phobos,False,True,500,5,0.5,0.8,2.5,2,,,0,0,0,0,0,"Procedural; real Phobos is irregular with the 9 km Stickney crater."
Deimos,False,True,200,3,0.5,0.6,1.5,1,,,0,0,0,0,0,"Procedural."
Io,False,True,1500,300,0.45,0.8,0,0,,,0,0,0,0,0,"Volcanic resurfacing: no impact craters."
Europa,False,True,200,200,0.45,0.4,0.05,10,,,0,0,0,0,0,"Young smooth ice."
Ganymede,False,True,800,400,0.5,0.8,1.0,50,,,0,0,0,0,0,"Procedural."
Callisto,False,True,1000,400,0.5,1.0,2.5,60,,,0,0,0,0,0,"Most heavily cratered body in the solar system."
Titan,False,True,300,500,0.45,0.4,0.02,20,,,0,0,0,0,0,"Procedural; dunes and lakes not yet modeled."
